Customer Name,Contact ID
2nd Level Boardshop & Goods - Shane Jackson,802
303 Boards,508
35TH AVE,755
35th North,756
3rd Lair After Hours Skateshop,1924
7B BOARDSHOP,548
7th Street Surf,627
88 GEAR,806
940 SNOWBOARDS INC,2099
ACTION RIDE SHOP,445
ACTIVE RIDE SHOP,453
Aistriu (168 Industries LLC),628
AJ Motion Sports - William Mattthews,2912
Alaska Backcountry Guides - Joseph Wolf,4118
All Board Sports LLC - Bola Ibdiunni,509
Almos,807
Aloha Ski and Snowboard (WSR),3977
Alpen Haus Ski Center,3707
ALPIN HAUS SKI SHOP (WSR),810
Alpine Shop (Vermont) WSR,814
Alpine Ski and Snowboard - Fran Gould,5155
"Alpine Ski Shop (VIRGINIA, WSR)",813
Alpine Sports NM Missing Link Sports LLC Use Routing Guide - Jeremy Cole,651
ALPINE VALLLEY RESORT - WI - Bryce Firestone,6588
Alterra Mountain Company - Kim Bartczak,4700
ALWAYS BOARD SHOP,702
Alyeska Resort - Ryan Ballew,5100
ANDES TOWER HILLS INC. - TOM ANDERSON,2391
Angel Fire Resort,3789
ANGLES SPORTS EXCHANGE,511
Appalachian Ski Mountain WSR,3811
APT Skate Shop,447
Arabella Boutique - Jodie Schmidt,855
ARBOR,448
ARIZONA SNOWBOWL (WSR),561
ASPEN SKI AND BOARD (WSR),677
ASPEN SKI CO.,512
ASYLUM SKATE - BOARDWALKER CORP,2197
Athleisure DBA Sun Diego,857
ATTIC,450
ATTITUDE SPORTS - DAVE HAASE,2324
Backcountry Essentials - Chris Gerston,5526
Backcountry Gear Shack,2385
BACKCOUNTRY.COM,722
Backwoods - Jeremy Petrocelli,858
BACP Ski Barn Co. (WSR),513
Baker Street Snow - Cody Hopkins,4023
BALTIMORE SKI WAREHOUSE,3657
Base Mountain Sports (WSR),818
BAVARIAN VILLAGE SKI AND SNOWBOARD OUTFITTERS,678
BC SURF AND SPORT (Surf Associates Inc.),544
Bear Valley Mount Resort (Reba Sports),452
Bear Valley Ski and Board (Chains Required),784
BELLE CITY SKATESHOP,861
Belleayre Ski Shop (NEDAY INC) - Norman Day,860
Berg's Ski Shop (WSR),682
Berkeley Supply LLC. - Eli P Cox,514
Berkshire East Ski Resort,3628
BIG BEAR MOUNTAIN RESORT (SNOW SUMMIT),455
Big Sky Distribution Center (WSR),576
BIG SNOW AMERICAN DREAM,629
BIKES N BOARDS,770
Bill's Work and Outdoor - Dawn Laucks,1504
"Bittersweet, Mt Holly, Pine Knob, Alpine Valley",577
BLACK DOG SPORTS,747
Black Tie Ski Rentals Boone - Jason Sherman,4953
Black Tie Ski Rentals Breckenridge - Christopher Pierce,4886
Black Tie Ski Rentals Mammoth Lakes - Colin Fernie,4304
Black Tie Ski Rentals Whitefish - Jon Kiraly,5626
Blacklist Boardshop,2632
BLAUER SKI & BOARD,456
BLUE AND GOLD,441
Blue Knob,3786
BOARD BIN,549
BOARD OF MISSOULA,605
BOARD OF PROVO,725
BOARD PARADISE - NEED DEALER APP - Joshua Michael,611
BOARDER PATROL,619
BOARDERLINE INSANITY,748
Boarderline Legacy - Deez Liska,863
Boarding Haus,515
BOARDWORKS TECH SHOP,757
Bobo's (WSR),444
Bolton Valley Resort,3689
BOONE MOUNTAIN SPORTS,516
BOREAL MT RESORT,458
Boston Ski & Tennis,5475
Boyne Country Sports (WSR),578
Brave New World - William Lammers,5636
Bridger Bowl Ski Area,865
Brigham City Outdoor DBA 5050 Bike and Skate - Todd Nelson,2076
Brundage Mountain Resort,2885
BUCKEYE SPORTS CENTER (WSR),3189
Buckman's (WSR),866
BUNGER SURF SHOP -SAYVILLE,660
Butte and Company Ski and Snowboard (WSR),868
CABIN CRAFT,705
CAL SURF,598
CAMELBACK RESORT,706
Cascade Mountain - Ben Whyte,3508
CBS Sports - Bryan Searcy,870
CCS/DADDIES BOARD SHOP,683
CENTRAL CASCADE BOARDSHOP,758
Chalet Sports (WSR),3767
Chester Bowl,3765
CHICO SPORTS LTD,461
CHRISTY SPORTS,519
"CITY GARAGE, INC.",661
CIVIL,715
CLARK'S SNOW SPORTS,462
Cliffside Ski & Sport,3575
COLDEN SKI & BOARD,662
Columbine Ski & Sport,3627
Compound Ski and Snowboard Shop,872
COPPER MOUNTAIN RESORT - POWDR CORP.,520
Cordova's,950
Cowtown Skateboards - Shane Reddy,4061
CPG Heli,442
Craniologie,3900
CRE MNGMNT DBA MILOSPORT - SLC,727
Crested Butte Sports,3585
Cripple Creek Backcountry,873
CROSSROADS,728
Crow's Closet / Backcountry Experience,521
"CROWN ENTERPRISES, INC.",2125
Crystal Mountain - Andrew Dymerski,5290
Crystal Ridge,2573
CURATED,463
CUTTING EDGE,540
DAMAGE BOARDSHOP,599
DARKSIDE SNOWBOARDS,749
Deep Powder House Ski Shop,874
Del Norte Outdoors Jackalope Anglers LLC - Jack Yeaton,4120
DIVIDE BOARD SHOP,522
Don Orr Ski Haus,875
Donut Shoppe - Nando Alcocer,7021
DOUG'S HOOD RIVER,684
DREAMRUNS,464
Driftland Ski & Sport,3688
Drill Surf & Skate,2528
Eaglecrest Ski Area,3964
Earth and Ocean Boardshop Inc.,465
EAST 4TH SKATE,466
EAST FORK BIKES Ty Nelson,550
EASTERN BOARDER,562
EASTERN PULSE,541
EDGE OF THE WORLD,612
EGM DBA The Benchmark Outfitters - Tyler Mittlestead,876
ELATED LLC - DIRECTIVE,729
EMAGE,523
EPIC MOUNTAIN SPORTS - KATHRINE MOWREY,2392
ERIK'S,600
Escape Outdoors - Katherine De Stephano,3537
Et Surf,879
EVOLUCION INNOVATIONS INC.,759
EVRGREEN,2246
EXPEDITION SUPPLY INC.,772
FAMOUS SHADOW LLC - LONG BEACH SKATE CO.,467
FARIAS,634
FICE GALLERY,3867
Fire On The Mountain Burning Boards - Bob Siener,620
FIRST FLAKES,613
"FLIPSIDE BOARDSHOP , INC.",614
FOCUS BOARDSHOP,773
Foggy Mountain Shop - Courtney Nicholl,5065
FOX CHAPEL SKI AND BOARD,2100
Free Flight (WSR),5732
FREE PEOPLE,708
GEAR WEST ALPINE,580
GETBOARDS,469
GGH Partners (D&Q),636
Glacier Ski Shop,760
Goldsmiths (WSR),3954
GORGE PERFORMANCE,687
GOT YOUR GEAR,730
Granite Peak,882
Gravitee - Steve Stevenson,5371
Gravity Coalition,883
GRAVITY SPORTS - LAS VEGAS,656
GRAVITY SPORTS AT MT BACHELOR,690
"GREAT LAKES OUTPOST , LLC.",581
Gritr Sports & Outdoor Weby Corp,720
GULL SKI AND SNOWBOARD,606
HABITAT,551
Handlebar Bike and Board,525
HANGER 94,471
Hansen Surfboards,3591
Happy Hiker - Allyson Dozier,4669
Helm Sun Valley (San Jose) - Nancy,472
High Country Ski Rental - New Mexico - Bibi Cordova,5666
HILLCREST SKI AND SPORTS (WSR),688
Hobby Wheel - Eric Fitting,885
Holiday Valley - Chasidi Hill,1691
Holistic Skateshop - John Turner,3466
HOLY STOKES,709
Homer's Jeans,3682
Hometown Board Shop - Felicia Lynn,5909
HOMEWOOD MOUNTAIN - RETAIL,886
Huff Hills Ski Area - Andrew Beck,2732
Humphrey Summit Ski,3766
Idaho Mountain Touring - Chris Haunnold,5892
IDLEWILD SKI SHOP,710
INFLIGHT,475
INVASION BOARD SHOP,750
JACKS SURF AND SPORT LLC,476
Jackson Hole Mountain Resort - Retail,783
JACKSON'S BASE CAMP (EPIC MTN LLC),731
Jiminy Peak Mountain Resort - Mark Dushanek,3448
Kinetic Skateboarding - Brannon John,4172
LAHOUT'S,621
Lake Chelan Sports - Jenna Wadkins,4590
Land Park Ski & Sports,889
LARSON'S SKI & SPORT,527
Lee Canyon Recreation (WSR),890
LEROYS BOARDSHOPS,477
LES MOISE (WSR),774
Level Nine Sports,732
LIP TRIX,733
LITTLE MOUNTAIN LTD,679
Lost Boardroom - Mike D,4009
Lost River Outfitters,3586
Lost Valley,3792
Loveland Ski Areas,3539
Magic Mountain - Dawn Downey-Hines,5692
MAMMOTH MOUNTAIN - LEEA POFFLEY,2321
Massanutten Rental Shop,2744
Massive Sports - Marcello Alvarez,5743
MBS Adventures DBA North Post - Cheryl Bjorgen,3460
McGill's Skateshop,895
McIntyre Ski Area,2138
McU SPORTS,2114
Meadowlark Ski Lodge,3588
Mile High Sports - David Heuther,4325
MILO-AUBURN / BR MNGMNT,478
Mission Ridge Resort - Larry Scrivanich,5228
MODA3,776
Mohawk Mountain,3715
Monkey Love,897
Montana Supply (Use routing guide) - Accounts Payable,607
MOOSEJAW MOUNTAINEERING (deleted),584
MOSS - Hayley Sharpe,3714
Motion Boardshop - Nate Blackburn,3461
MOUNTAIN CHALET (WSR),898
MOUNTAIN CREEK RESORT,641
Mountain High Resort,480
MOUNTAIN LIFE SUPPLY CO,2079
Mountain Man Sports (WSR),680
Mountain Provisions,3833
Mountain Wave,2416
MOUNTAINSIDE SKI AND RIDE,899
MOUNTAINSIDE SKI AND SPORTS - PA (WSR),2142
MT BAKER SKI AREA,902
MT EVEREST SKI AND BOARD (WSR),642
MT HOOD MEADOWS,691
Mt Hood Outfitters Ski Bowl,3587
MT LA CROSSE SKI AREA,777
Mt. Shasta Ski Park,3704
MTN Riders / Equipe Sports (WSR),751
"MUD, SWEAT, AND GEARS (US, WSR)",904
MVEMT,905
Needle & Shred,906
NEXT ADVENTURE,692
NJ Skateshop,3844
NorSki Sports,529
NORTHERN EDGE,585
NORTHSIDE,1804
Norway Mountain,3552
NOTB SNOWBOARDS / SKI HAUS (WSR),917
Nub's Nob - Ben Doornbos,923
OBER GATLINBURG,719
OLYMPUS BOARD SHOP (N00166 1),507
ON SHORE SURF SHOP,615
One Stop Ski & Cycle,3826
Orange County Snowboards,668
Out There Outfitters,3794
OUTER REBEL DBA GREEN ROOM,481
OUTPOST BOARD SHOP/THE BIKE CENTER - SCOTT PARRENT,907
OUTSIDE IN,908
Palisades/ The Ledge - Dj Williams,485
PALISKATES,486
Park Deli DBA Dukes Place - Michael Sclafani,4169
Peak Sports (WSR),717
PELICAN LEISURE SPORTS (QUAKERTOWN),712
PELICAN OUTDOOR PRODUCTS (EAST BRUNSWICK),954
PELICAN SPORT CENTER (MORRIS PLAINS) (WSR),645
Pelican Swim and Ski Center (Whitehouse) - Accounts Payable,646
PEOPLE SKATE & SNOW,586
Perfect North Slopes - Travis Feise,4438
PETER GLENN (WSR),545
"PETERSON'S SKI & CYCLE, INC.",3656
PF MCMULLIN,488
PHARMACY BOARDSHOP,489
PHATMAN,669
Philbricks,622
Phils Ski and Snowboard,490
Pine Mountain Sport Shop - Betsy Bittinger,3469
Pinewski's (WSR),603
PLA Skateboarding,2541
PLAY IT AGAIN SPORTS - TREASURE VALLEY (NBS),2110
Pomerelle Mountain,3706
Potter Bros. Ski Shops,670
POWDER AND SUN,657
POWDER BOWL LLC - JORDAN ZHUO,2070
POWDER HOUND LLC. (WSR),530
POWDER HOUSE INC - OR (WSR),693
POWDER MOUNTAIN,735
Powder Ridge - Layne Anderson,2425
POWDER SHACK,745
Prestige,553
PRINCETON SPORTS,942
Pro Skateboard Shop,647
PTO Ski - Fa Wang,3577
PURE BOARD SHOP,574
Purgatory Resort,3958
Putnam's Ski & Snowboard Shop (WSR),623
Quiver Shop,940
Radio Snowboard Shop LLC,531
RAMSHORN - Alex Martin,896
RECESS SKATE AND SNOW,616
REI (5646),5646
"REVOLVE (EMINENT, INC.)",2406
REVOLVR,694
ROCKLIN SKI AND SNOWBOARD,1814
Rocky Mountain Ski & Raft,532
Rocky Mountain Ski + Sport - Aaron Lifford,5302
ROOTS OUTDOOR NC,617
SAINT BERNARD SPORT INC (WSR),721
Santa Fe Ski Co - John Chavez,4217
SATELLITE,533
Scandinavian Ski Shop - Jeff Magnusson,3467
"SCOTT'S SPORTS , LLC - SCOTTS SPORTS , LLC",2187
Scotty's Ride Shop - Scott Moffatt,492
SEQUENCE BOARDSHOP,443
SHATZI HAT COMPANY - LEAH DEVDE,2323
Shawnee Mountain Ski Area - Ivory Vander Vliet,5144
Shepherd & Schaller SPTG. Inc - Robb Shepherd,778
SHUMAKER SKI & BOARDS,588
SIDEWINDER SPORTS,534
Sierra At Tahoe - Matt Weitzel,847
SIN CITY SNOWBOARDS,658
SITZMARK,653
SKATER'S ADVOCATE,596
Ski Barn (WSR),649
Ski Chalet (HOFFS HOFT INC) - ASHLEY HOFF,843
SKI COUNTRY SPORTS (WSR),618
Ski Express VT - Jared Poor,3906
SKI HAUS - FLAGSTAFF,446
SKI HAUS - STEAMBOAT - ROD SCHRAGE,4872
SKI PRO Inc. (WSR),842
"SKI SERVICES UNLIMITED (HIGH MOUNTAIN SPORTS,WSR)",566
SKI SHACK,554
SKI SHACK SPORT,841
SKI VALET PARK CITY,736
SKI WORLD - ORLANDO,546
Ski World LLC - VA (WSR),567
SKI-N-SEE,737
SLED SHED BOARD SHOP,555
Snow Bird Ski Shop,840
Snow Mountain River,839
SNOW TRAILS SKI SHOP,681
SNOWBOARD JONES (WSR),625
SNOWSHOE RETAIL WAREHOUSE - FULL TILT,535
SOCAL SURF SHOP,494
Solnix,764
SOUTH STREET SKATEPARK INC.,589
SPLINTERS,752
Spokane Alpine Haus (WSR),765
Spoke X Bike co - Riley Manuel,6969
Spoke-n-Sport - Peter Oien,5380
Sport Systems WSR - Duane Kinsley,5525
Sport Thoma - Luke Hiebert,5139
SPORTHAUS INC. -YAKIMA (WSR),766
Sporthaus NW - KENNEWICK (WSR),767
Sports Barn Ski & Sports,836
Sports Basement - Use Routing Guide,835
Spring Mountain Ski Area - Rick Buckman,2711
Stevens Pass Rental Shop - Bo Price,5266
STEVENS PASS SNOWBOARD SHOP,768
Stoke Mountain - Erik Scott,4227
STUMPTOWN,608
SUBSECT SKATESHOP,2400
Sugar Bowl - Toby Arnott,5583
Sun And Ski Retail Concepts Inc.,833
Sun Valley Company  DBA Pete Lane's Mountain Sports - ALI GARDINER,830
Sundown Ski & Sport Shop (WSR),832
Sunlight Ski & Bike,3734
SURF SHACK SOUTH,829
SURFSIDE SPORTS,495
Switch Snow and Skate - USA,828
Syd and Dusty's - Stratton - Ted Bartlett,753
TACTICS,696
TAHOE DAVE'S SNOW BOARD SHOP,496
Tahoe Sports Exchange - Rob Cavallo,497
TAHOE SPORTS LTD.,498
Tamarack Food and Beverage,3203
The Base Camp - Laren & Cody Brown,5076
The Boarding House - Paul Savini,5495
THE BOARDROOM-Boise,556
THE BOARDROOM/ALPINE SKI RENTAL,674
THE EDGE,591
THE FORT,499
THE GARDEN,569
THE GEAR ROOM,738
"THE HOUSE , CAMPING WORLD",597
The Isle Surf and Skate,826
The Lab Ski and Snowboard,3705
The Loft - Stacy Dinnen,825
THE NAYBORHOOD,557
The Outside Society - Christopher Martens,4171
The Peak Ski and Sports,592
The Powder House - CA,547
The Shoe Market,2430
The Ski Barn - WV (WSR),3788
THE SKI BUM (WSR),543
THE SKI CENTER (WSR),1720
THE SKI COMPANY (WSR),675
THE SKI HUT (WSR),570
THE SKI MONSTER,2434
"THE SKI RACK, Inc.",754
The Ski Shop at Millham Park - Dean Marks,3204
THE SKI SHOP INC (WSR),2119
The Ski Station,824
THE SPORTS PAGE INC (WSR),676
The Startingate - Bond Longley,3501
THE STOCKIST,740
THE TOGGERY,2157
THE VILLAGE BOARD SHOP,500
THEORY SKATE SHOP,571
Tilly's / RSQ,501
Timberline Lodge WyEast Retail Store,697
TIME MACHINE,741
TONKA CYCLE AND SKI,593
Topside / Satellite Outpost - Clare Dreyer,6592
TOTALLY BOARD,502
Trailhead Sports - Johan Cernohous,6494
TRANSITION SPORTS,2417
"Tributary Driggs Acquisition, LLC",2405
Trollhaugen Ski Area Demo/Rental - James Rochford,4125
TROLLHAUGEN SKI SHOP,779
Truckee Boardhouse - Lauren Sintay,5075
Tube Tahoe - Leon Abravanel,2897
Uncle Jibs Ski Shop (WSR),594
UNDERGROUND - BRECK,536
University of Oregon,3960
UPPER PENINSULA SKIING LLC SNOW RIVER - VICKI BAUMAN,2359
URBAN OUTFITTERS,714
URBANE,537
UVU Outdoor Adventure Center,742
VAIL RESORTS RETAIL,538
"VAL SURF, INC.",503
Valians Sports - Kyle Bigbee,4365
VANILLA,699
VERTICAL ILLUSIONS - COD,820
Village Ski Loft - Justin Kiedaisch,5513
Vollmer dba Alpine Shop Sandpoint (WSR),811
VOYAGEUR,626
Wasatch Ski and Snowboard Rentals - Erich Jordan,3509
WAVE RAVE,504
Wavelines - Tim Kirkpatrick,5195
Whaleback Mountain - Alex Lahood,2680
White Birch Outfitters (Alpenhaus Prod LLC) - Casey Buckleitner,595
Whitefish Mountain Resort - Kris Trueba,5898
WILD CACTUS BOUTIQUE,700
Willamette Pass Resort - Cameron Campbell,3381
Witt's Carlsbad Pipelines - Witt Rowlett,4137
Wolf Creek Ski Area - Randall Pitcher,5691
WOODWARD - PARK CITY,743
WORLD BOARDS,609
WWS Boardshop - TODD BUCKLEY,816
Yellowstone Club,610
ZOMBIE BOARD SHOP LLC,604
ZUMIEZ,506
